UMLClass,UMLEntity,UMLDescription,ConceptName,ConceptPreferredName,Classification,ConceptCode,ConceptDefinition,ConceptDefinitionSource,ModifiedDate,HumanVerified
Logical View.Data Model.Logical Model.edu.northwestern.bioinformatics.studycalendar.domain.ScheduledArm,Logical View.Data Model.Logical Model.edu.northwestern.bioinformatics.studycalendar.domain.ScheduledArm,The occurrence of an arm in a participant's calendar.,Protocol Treatment Arm,Protocol Treatment Arm,ObjectClass,C15538,A specific treatment protocol used in a clinical trial.,NCI,,1
Logical View.Data Model.Logical Model.edu.northwestern.bioinformatics.studycalendar.domain.ScheduledArm,Logical View.Data Model.Logical Model.edu.northwestern.bioinformatics.studycalendar.domain.ScheduledArm,The occurrence of an arm in a participant's calendar.,Schedule,Schedule,ObjectClassQualifier1,C25211,An ordered list of times at which things are planned to occur.,NCI,,1
Logical View.Data Model.Logical Model.edu.northwestern.bioinformatics.studycalendar.domain.ScheduledArm,startDate,The date of the first day of this scheduledArm.,Date,Date,Property,C25164,"The particular day, month and year an event has happened or will happen.",NCI,,1
Logical View.Data Model.Logical Model.edu.northwestern.bioinformatics.studycalendar.domain.ScheduledArm,startDate,The date of the first day of this scheduledArm.,Begin,Begin,PropertyQualifier1,C25431,"Have a beginning, in a temporal, spatial, or evaluative sense; the point in space or time where something begins.",NCI,,1
Logical View.Data Model.Logical Model.edu.northwestern.bioinformatics.studycalendar.domain.Participant,Logical View.Data Model.Logical Model.edu.northwestern.bioinformatics.studycalendar.domain.Participant,A subject in a clinical trial. (BRIDG - Clinical Research Entities and Roles::Participant),Participant,Participant,ObjectClass,C29867,Someone who takes part in an activity.,NCI,,1
Logical View.Data Model.Logical Model.edu.northwestern.bioinformatics.studycalendar.domain.Participant,Logical View.Data Model.Logical Model.edu.northwestern.bioinformatics.studycalendar.domain.Participant,A subject in a clinical trial. (BRIDG - Clinical Research Entities and Roles::Participant),Clinical Trial,Clinical Trial,ObjectClassQualifier1,C15207,"A controlled study performed in human subjects and intended to discover, and/or evaluate, and/or verify safety, effectiveness, clinical and pharmacological effects, and adverse reactions of new drugs, devices, treatments, preventive measures, or other medical interventions in treating, preventing, or diagnosing a specific disease or condition.",NCI,,1
Logical View.Data Model.Logical Model.edu.northwestern.bioinformatics.studycalendar.domain.Participant,birthDate,"Date that a human being or person is born, expressed as date or unknown. (CTOM::Person::birthDate)",Date,Date,Property,C25164,"The particular day, month and year an event has happened or will happen.",NCI,,1
Logical View.Data Model.Logical Model.edu.northwestern.bioinformatics.studycalendar.domain.Participant,birthDate,"Date that a human being or person is born, expressed as date or unknown. (CTOM::Person::birthDate)",Birth,Birth,PropertyQualifier1,C25155,The event of being born.,NCI,,1
Logical View.Data Model.Logical Model.edu.northwestern.bioinformatics.studycalendar.domain.Participant,firstName,A word or group of words indicating a person's first (personal or given) name; the name that precedes the surname. (CTOM::Person::firstName - Synonym = Given Name. [DCP]),First Name,First Name,Property,C40974,A word or group of words indicating a person's first (personal or given) name; the name that precedes the surname.,NCI,,1
Logical View.Data Model.Logical Model.edu.northwestern.bioinformatics.studycalendar.domain.Participant,gender,The classification of the sex or gender role of the patient. (CTOM::Person::administrativeGenderCode),Gender,Gender,Property,C17357,The assemblage of properties that distinguish people on the basis of their societal roles.,NCI,,1
Logical View.Data Model.Logical Model.edu.northwestern.bioinformatics.studycalendar.domain.Participant,lastName,"A means of uniquely identifying an individual by using a word or group of words indicating a person's last (family) name. (CTOM::Person::lastName, Last Name, Surname. [DCP])",Last Name,Last Name,Property,C40975,A word or group of words indicating a person's last (family) name.,NCI,,1
Logical View.Data Model.Logical Model.edu.northwestern.bioinformatics.studycalendar.domain.Participant,personId,A unique identifier that defines the person in a way that is meaningful to the user of the system.,Identifier,Identifier,Property,C25364,"One or more characters used to identify, name, or characterize the nature, properties, or contents of a thing.",NCI,,1
Logical View.Data Model.Logical Model.edu.northwestern.bioinformatics.studycalendar.domain.Participant,personId,A unique identifier that defines the person in a way that is meaningful to the user of the system.,Person,Person,PropertyQualifier1,C25190,A single human being.,NCI,,1
Logical View.Data Model.Logical Model.edu.northwestern.bioinformatics.studycalendar.domain.ScheduledEvent,Logical View.Data Model.Logical Model.edu.northwestern.bioinformatics.studycalendar.domain.ScheduledEvent,The expected occurrence of an Activity on a date for a Study Participant.,Event,Event,ObjectClass,C25499,Something that happens at a given place and time.,NCI,,1
Logical View.Data Model.Logical Model.edu.northwestern.bioinformatics.studycalendar.domain.ScheduledEvent,Logical View.Data Model.Logical Model.edu.northwestern.bioinformatics.studycalendar.domain.ScheduledEvent,The expected occurrence of an Activity on a date for a Study Participant.,Schedule,Schedule,ObjectClassQualifier1,C25211,An ordered list of times at which things are planned to occur.,NCI,,1
Logical View.Data Model.Logical Model.edu.northwestern.bioinformatics.studycalendar.domain.ScheduledEvent,idealDate,The date that the Activity is expected to occur or did occur.,Date,Date,Property,C25164,"The particular day, month and year an event has happened or will happen.",NCI,,1
Logical View.Data Model.Logical Model.edu.northwestern.bioinformatics.studycalendar.domain.ScheduledEvent,idealDate,The date that the Activity is expected to occur or did occur.,Ideal,Ideal,PropertyQualifier1,C28741,Conforming to an ultimate standard of perfection or excellence.,NCI,,1
Logical View.Data Model.Logical Model.edu.northwestern.bioinformatics.studycalendar.domain.ScheduledEvent,notes,Additional information entered by the participant coordinator or research associate regarding the occurrence of the Activity.,Note,Note,Property,C42619,A brief written record.,NCI,,1
Logical View.Data Model.Logical Model.edu.northwestern.bioinformatics.studycalendar.domain.Epoch,Logical View.Data Model.Logical Model.edu.northwestern.bioinformatics.studycalendar.domain.Epoch,"A segment of the trial during which similar activities take place for all participants.  Participants move through epochs in serial, and no participant can take part in more than one epoch at any point in time. (related to CDISC - SDTM::Epoch)",Segment,Segment,ObjectClass,C45312,One of the parts into which something naturally divides.,NCI,,1
Logical View.Data Model.Logical Model.edu.northwestern.bioinformatics.studycalendar.domain.Epoch,Logical View.Data Model.Logical Model.edu.northwestern.bioinformatics.studycalendar.domain.Epoch,"A segment of the trial during which similar activities take place for all participants.  Participants move through epochs in serial, and no participant can take part in more than one epoch at any point in time. (related to CDISC - SDTM::Epoch)",Time,Time,ObjectClassQualifier1,C25207,The continuum of experience in which events pass from the future through the present to the past; a specific point in this continuum or the interval separating two points.,NCI,,1
Logical View.Data Model.Logical Model.edu.northwestern.bioinformatics.studycalendar.domain.Epoch,name,The name of the Epoch.,Name,Name,Property,C42614,The words or language units by which a thing is known.,NCI,,1
Logical View.Data Model.Logical Model.edu.northwestern.bioinformatics.studycalendar.domain.Activity,Logical View.Data Model.Logical Model.edu.northwestern.bioinformatics.studycalendar.domain.Activity,Any action that could be associated with a participant's enrollment on a study. (similar to but broader than CTOM::Activity),Activity,Activity,ObjectClass,C43431,An action taken in pursuit of an objective; the state of being active.,NCI,,1
Logical View.Data Model.Logical Model.edu.northwestern.bioinformatics.studycalendar.domain.Activity,description,A description of the Activity. [optional],Description,Description,Property,C25365,"A written or verbal account, representation, statement, or explanation of something.",NCI,,1
Logical View.Data Model.Logical Model.edu.northwestern.bioinformatics.studycalendar.domain.Activity,name,The name of the Activity.,Name,Name,Property,C42614,The words or language units by which a thing is known.,NCI,,1
Logical View.Data Model.Logical Model.edu.northwestern.bioinformatics.studycalendar.domain.PlannedCalendar,Logical View.Data Model.Logical Model.edu.northwestern.bioinformatics.studycalendar.domain.PlannedCalendar,A representation or template of all possible courses of Activities to occur during the span of a clinical trial. ,Calendar,Calendar,ObjectClass,C19459,A list or register of events; a tabular array of the days.,NCI,,1
Logical View.Data Model.Logical Model.edu.northwestern.bioinformatics.studycalendar.domain.PlannedCalendar,Logical View.Data Model.Logical Model.edu.northwestern.bioinformatics.studycalendar.domain.PlannedCalendar,A representation or template of all possible courses of Activities to occur during the span of a clinical trial. ,Plan,Plan,ObjectClassQualifier1,C25619,"To devise, contrive, or formed in design.",NCI,,1
Logical View.Data Model.Logical Model.edu.northwestern.bioinformatics.studycalendar.domain.PlannedCalendar,complete,An indicator the Study Coordinator has finished editing the PlannedCalendar template.,Complete,Complete,Property,C25250,To possess every necessary or normal part or component or step; having come or been brought to a conclusion.,NCI,,1
Logical View.Data Model.Logical Model.edu.northwestern.bioinformatics.studycalendar.domain.StudyParticipantAssignment,Logical View.Data Model.Logical Model.edu.northwestern.bioinformatics.studycalendar.domain.StudyParticipantAssignment,An item of data which indicates that a subject is to participate in a Study at a particular Site.,Assignment,Assignment,ObjectClass,C25426,An allotting or an appointment to a particular person or use; or for a particular time or object.,NCI,,1
Logical View.Data Model.Logical Model.edu.northwestern.bioinformatics.studycalendar.domain.StudyParticipantAssignment,Logical View.Data Model.Logical Model.edu.northwestern.bioinformatics.studycalendar.domain.StudyParticipantAssignment,An item of data which indicates that a subject is to participate in a Study at a particular Site.,Participant,Participant,ObjectClassQualifier1,C29867,Someone who takes part in an activity.,NCI,,1
Logical View.Data Model.Logical Model.edu.northwestern.bioinformatics.studycalendar.domain.StudyParticipantAssignment,Logical View.Data Model.Logical Model.edu.northwestern.bioinformatics.studycalendar.domain.StudyParticipantAssignment,An item of data which indicates that a subject is to participate in a Study at a particular Site.,Clinical Study,Clinical Study,ObjectClassQualifier2,C15206,"Research conducted with human subjects or on material of human origin in which an investigator directly interacts with human subjects; includes development of new technologies, mechanism of human diseases, therapy, clinical trials, epidemiology, behavior and health services research.",NCI,,1
Logical View.Data Model.Logical Model.edu.northwestern.bioinformatics.studycalendar.domain.StudyParticipantAssignment,startDate,The date of the first day of the first Arm to which the Participant is assigned.,Date,Date,Property,C25164,"The particular day, month and year an event has happened or will happen.",NCI,,1
Logical View.Data Model.Logical Model.edu.northwestern.bioinformatics.studycalendar.domain.StudyParticipantAssignment,startDate,The date of the first day of the first Arm to which the Participant is assigned.,Begin,Begin,PropertyQualifier1,C25431,"Have a beginning, in a temporal, spatial, or evaluative sense; the point in space or time where something begins.",NCI,,1
Logical View.Data Model.Logical Model.edu.northwestern.bioinformatics.studycalendar.domain.StudyParticipantAssignment,studyParticipantIdentifier,The unique string assigned to identify a Participant on a protocol. (related to CTOM::StudyParticipantAssignment::studyParticipantIdentifier),Identifier,Identifier,Property,C25364,"One or more characters used to identify, name, or characterize the nature, properties, or contents of a thing.",NCI,,1
Logical View.Data Model.Logical Model.edu.northwestern.bioinformatics.studycalendar.domain.StudyParticipantAssignment,studyParticipantIdentifier,The unique string assigned to identify a Participant on a protocol. (related to CTOM::StudyParticipantAssignment::studyParticipantIdentifier),Participant,Participant,PropertyQualifier1,C29867,Someone who takes part in an activity.,NCI,,1
Logical View.Data Model.Logical Model.edu.northwestern.bioinformatics.studycalendar.domain.StudyParticipantAssignment,studyParticipantIdentifier,The unique string assigned to identify a Participant on a protocol. (related to CTOM::StudyParticipantAssignment::studyParticipantIdentifier),Clinical Study,Clinical Study,PropertyQualifier2,C15206,"Research conducted with human subjects or on material of human origin in which an investigator directly interacts with human subjects; includes development of new technologies, mechanism of human diseases, therapy, clinical trials, epidemiology, behavior and health services research.",NCI,,1
Logical View.Data Model.Logical Model.edu.northwestern.bioinformatics.studycalendar.domain.ActivityType,Logical View.Data Model.Logical Model.edu.northwestern.bioinformatics.studycalendar.domain.ActivityType,A way of grouping Activities into categories.,Type,Type,ObjectClass,C25284,Something distinguishable as an identifiable class based on common qualities.,NCI,,1
Logical View.Data Model.Logical Model.edu.northwestern.bioinformatics.studycalendar.domain.ActivityType,Logical View.Data Model.Logical Model.edu.northwestern.bioinformatics.studycalendar.domain.ActivityType,A way of grouping Activities into categories.,Activity,Activity,ObjectClassQualifier1,C43431,An action taken in pursuit of an objective; the state of being active.,NCI,,1
Logical View.Data Model.Logical Model.edu.northwestern.bioinformatics.studycalendar.domain.ActivityType,name,The name of the ActivityType.,Name,Name,Property,C42614,The words or language units by which a thing is known.,NCI,,1
Logical View.Data Model.Logical Model.edu.northwestern.bioinformatics.studycalendar.domain.PlannedEvent,Logical View.Data Model.Logical Model.edu.northwestern.bioinformatics.studycalendar.domain.PlannedEvent,An Activity that is expected to occur on a day within a Period.,Event,Event,ObjectClass,C25499,Something that happens at a given place and time.,NCI,,1
Logical View.Data Model.Logical Model.edu.northwestern.bioinformatics.studycalendar.domain.PlannedEvent,Logical View.Data Model.Logical Model.edu.northwestern.bioinformatics.studycalendar.domain.PlannedEvent,An Activity that is expected to occur on a day within a Period.,Plan,Plan,ObjectClassQualifier1,C25619,"To devise, contrive, or formed in design.",NCI,,1
Logical View.Data Model.Logical Model.edu.northwestern.bioinformatics.studycalendar.domain.PlannedEvent,day,The day the PlannedEvent occurs relative to the beginning of the Period (beginning of Period = day 1).,Day,Day,Property,C25301,The time for Earth to make a complete rotation on its axis; ordinarily divided into twenty-four hours.  This also refers to a specific day.,NCI,,1
Logical View.Data Model.Logical Model.edu.northwestern.bioinformatics.studycalendar.domain.Study,Logical View.Data Model.Logical Model.edu.northwestern.bioinformatics.studycalendar.domain.Study,"(BRIDG - Clinical Trials Activities::PerformedStudy, CDISC - Study)",Clinical Study,Clinical Study,ObjectClass,C15206,"Research conducted with human subjects or on material of human origin in which an investigator directly interacts with human subjects; includes development of new technologies, mechanism of human diseases, therapy, clinical trials, epidemiology, behavior and health services research.",NCI,,1
Logical View.Data Model.Logical Model.edu.northwestern.bioinformatics.studycalendar.domain.Study,name,The name of the Study.,Name,Name,Property,C42614,The words or language units by which a thing is known.,NCI,,1
Logical View.Data Model.Logical Model.edu.northwestern.bioinformatics.studycalendar.domain.ScheduledCalendar,Logical View.Data Model.Logical Model.edu.northwestern.bioinformatics.studycalendar.domain.ScheduledCalendar,The series of Arms applied to a Participant on a Study.,Calendar,Calendar,ObjectClass,C19459,A list or register of events; a tabular array of the days.,NCI,,1
Logical View.Data Model.Logical Model.edu.northwestern.bioinformatics.studycalendar.domain.ScheduledCalendar,Logical View.Data Model.Logical Model.edu.northwestern.bioinformatics.studycalendar.domain.ScheduledCalendar,The series of Arms applied to a Participant on a Study.,Schedule,Schedule,ObjectClassQualifier1,C25211,An ordered list of times at which things are planned to occur.,NCI,,1
Logical View.Data Model.Logical Model.edu.northwestern.bioinformatics.studycalendar.domain.Site,Logical View.Data Model.Logical Model.edu.northwestern.bioinformatics.studycalendar.domain.Site,"A physical location -- typically a clinical research facility or a sponsor's office involved the conduct of a clinical trial. (from CDISC - ODM::Location, see also CTOM::StudySite)",Site,Site,ObjectClass,C37901,A position in relation to its surroundings.,NCI,,1
Logical View.Data Model.Logical Model.edu.northwestern.bioinformatics.studycalendar.domain.Site,name,The name of the Site.,Name,Name,Property,C42614,The words or language units by which a thing is known.,NCI,,1
Logical View.Data Model.Logical Model.edu.northwestern.bioinformatics.studycalendar.domain.Arm,Logical View.Data Model.Logical Model.edu.northwestern.bioinformatics.studycalendar.domain.Arm,One of possibly many parallel pre-defined sequences of events that exist within an epoch. A participant many only be assigned to one Arm at any given time. (Derived from CDISC - TDM:: Arm),Protocol Treatment Arm,Protocol Treatment Arm,ObjectClass,C15538,A specific treatment protocol used in a clinical trial.,NCI,,1
Logical View.Data Model.Logical Model.edu.northwestern.bioinformatics.studycalendar.domain.Arm,name,The name of the Arm.,Name,Name,Property,C42614,The words or language units by which a thing is known.,NCI,,1
Logical View.Data Model.Logical Model.edu.northwestern.bioinformatics.studycalendar.domain.Period,Logical View.Data Model.Logical Model.edu.northwestern.bioinformatics.studycalendar.domain.Period,Note: This class has been introduced by caBIG Study Calendar to manage a series of events that may repeat many times.,Period,Period,ObjectClass,C25616,An interval of time.,NCI,,1
Logical View.Data Model.Logical Model.edu.northwestern.bioinformatics.studycalendar.domain.Period,name,The name of the Period,Name,Name,Property,C42614,The words or language units by which a thing is known.,NCI,,1
Logical View.Data Model.Logical Model.edu.northwestern.bioinformatics.studycalendar.domain.Period,repetitions,The specified number of times the Period should repeat according to the protocol design.,Number,Number,Property,C25337,"A numeral or string of numerals expressing value, quantity, or identification.",NCI,,1
Logical View.Data Model.Logical Model.edu.northwestern.bioinformatics.studycalendar.domain.Period,repetitions,The specified number of times the Period should repeat according to the protocol design.,Repeat Object,Repeat Object,PropertyQualifier1,C48804,Something occurring more than once.,NCI,,1
Logical View.Data Model.Logical Model.edu.northwestern.bioinformatics.studycalendar.domain.Period,startDay,The day the first repetition of the Period begins relative to the beginning of the Arm (beginning of Arm = day 1). ,Day,Day,Property,C25301,The time for Earth to make a complete rotation on its axis; ordinarily divided into twenty-four hours.  This also refers to a specific day.,NCI,,1
Logical View.Data Model.Logical Model.edu.northwestern.bioinformatics.studycalendar.domain.Period,startDay,The day the first repetition of the Period begins relative to the beginning of the Arm (beginning of Arm = day 1). ,Begin,Begin,PropertyQualifier1,C25431,"Have a beginning, in a temporal, spatial, or evaluative sense; the point in space or time where something begins.",NCI,,1
Logical View.Data Model.Logical Model.edu.northwestern.bioinformatics.studycalendar.domain.StudySite,Logical View.Data Model.Logical Model.edu.northwestern.bioinformatics.studycalendar.domain.StudySite,A Site involved in a given Study.,Site,Site,ObjectClass,C37901,A position in relation to its surroundings.,NCI,,1
Logical View.Data Model.Logical Model.edu.northwestern.bioinformatics.studycalendar.domain.StudySite,Logical View.Data Model.Logical Model.edu.northwestern.bioinformatics.studycalendar.domain.StudySite,A Site involved in a given Study.,Clinical Study,Clinical Study,ObjectClassQualifier1,C15206,"Research conducted with human subjects or on material of human origin in which an investigator directly interacts with human subjects; includes development of new technologies, mechanism of human diseases, therapy, clinical trials, epidemiology, behavior and health services research.",NCI,,1
Logical View.Data Model.Logical Model.edu.northwestern.bioinformatics.studycalendar.domain.StudySite,studyIdentifier,The unique string assigned to identify a protocol at a Site.,Identifier,Identifier,Property,C25364,"One or more characters used to identify, name, or characterize the nature, properties, or contents of a thing.",NCI,,1
Logical View.Data Model.Logical Model.edu.northwestern.bioinformatics.studycalendar.domain.StudySite,studyIdentifier,The unique string assigned to identify a protocol at a Site.,Clinical Study,Clinical Study,PropertyQualifier1,C15206,"Research conducted with human subjects or on material of human origin in which an investigator directly interacts with human subjects; includes development of new technologies, mechanism of human diseases, therapy, clinical trials, epidemiology, behavior and health services research.",NCI,,1
Logical View.Data Model.Logical Model.edu.northwestern.bioinformatics.studycalendar.domain.Duration,Logical View.Data Model.Logical Model.edu.northwestern.bioinformatics.studycalendar.domain.Duration,Indicates the length of time over which a period will occur.,Duration,Duration,ObjectClass,C25330,The period of time during which something continues.,NCI,,1
Logical View.Data Model.Logical Model.edu.northwestern.bioinformatics.studycalendar.domain.Duration,quantity,"The number of times the unit recurs, defining the length of the duration ",Quantity,Quantity,Property,C25256,How much there is of something that you can measure; the total amount or number.,NCI,,1
Logical View.Data Model.Logical Model.edu.northwestern.bioinformatics.studycalendar.domain.Duration,units,A pre-defined span of time - a day or a week.,Unit of Time,Unit of Time,Property,C42574,An indication of the type of unit of measure being used to express a time.,NCI,,1
Logical View.Data Model.Logical Model.edu.northwestern.bioinformatics.studycalendar.domain.scheduledeventstate.Canceled,Logical View.Data Model.Logical Model.edu.northwestern.bioinformatics.studycalendar.domain.scheduledeventstate.Canceled,,Cancel,Cancel,ObjectClass,C63471,Postpone indefinitely or annul something that was scheduled.,NCI,,1
Logical View.Data Model.Logical Model.edu.northwestern.bioinformatics.studycalendar.domain.scheduledeventstate.Scheduled,Logical View.Data Model.Logical Model.edu.northwestern.bioinformatics.studycalendar.domain.scheduledeventstate.Scheduled,,Schedule,Schedule,ObjectClass,C25211,An ordered list of times at which things are planned to occur.,NCI,,1
Logical View.Data Model.Logical Model.edu.northwestern.bioinformatics.studycalendar.domain.scheduledeventstate.Scheduled,date,the date the event is scheduled to take place,Date,Date,Property,C25164,"The particular day, month and year an event has happened or will happen.",NCI,,1
Logical View.Data Model.Logical Model.edu.northwestern.bioinformatics.studycalendar.domain.scheduledeventstate.ScheduledEventState,Logical View.Data Model.Logical Model.edu.northwestern.bioinformatics.studycalendar.domain.scheduledeventstate.ScheduledEventState,"Describes the ScheduledEvent as being scheduled, occurred, or cancelled.",State,State,ObjectClass,C25687,The way something is with respect to its main attributes.,NCI,,1
Logical View.Data Model.Logical Model.edu.northwestern.bioinformatics.studycalendar.domain.scheduledeventstate.ScheduledEventState,Logical View.Data Model.Logical Model.edu.northwestern.bioinformatics.studycalendar.domain.scheduledeventstate.ScheduledEventState,"Describes the ScheduledEvent as being scheduled, occurred, or cancelled.",Event,Event,ObjectClassQualifier1,C25499,Something that happens at a given place and time.,NCI,,1
Logical View.Data Model.Logical Model.edu.northwestern.bioinformatics.studycalendar.domain.scheduledeventstate.ScheduledEventState,Logical View.Data Model.Logical Model.edu.northwestern.bioinformatics.studycalendar.domain.scheduledeventstate.ScheduledEventState,"Describes the ScheduledEvent as being scheduled, occurred, or cancelled.",Schedule,Schedule,ObjectClassQualifier2,C25211,An ordered list of times at which things are planned to occur.,NCI,,1
Logical View.Data Model.Logical Model.edu.northwestern.bioinformatics.studycalendar.domain.scheduledeventstate.ScheduledEventState,reason,"The name of the State - scheduled, occurred, or cancelled.",Reason,Reason,Property,C25638,An explanation of the cause of some phenomenon or action.,NCI,,1
Logical View.Data Model.Logical Model.edu.northwestern.bioinformatics.studycalendar.domain.scheduledeventstate.Occurred,Logical View.Data Model.Logical Model.edu.northwestern.bioinformatics.studycalendar.domain.scheduledeventstate.Occurred,,Occur,Occur,ObjectClass,C54069,Come to pass.,NCI,,1
Logical View.Data Model.Logical Model.edu.northwestern.bioinformatics.studycalendar.domain.scheduledeventstate.Occurred,date,the date the event occurs,Date,Date,Property,C25164,"The particular day, month and year an event has happened or will happen.",NCI,,1
Logical View.Data Model.Logical Model.edu.java.lang.Integer,Logical View.Data Model.Logical Model.edu.java.lang.Integer,,Integer,Integer,ObjectClass,C45255,"A number with no fractional part, including the negative and positive numbers as well as zero.",NCI,,1
Logical View.Data Model.Logical Model.edu.java.lang.String,Logical View.Data Model.Logical Model.edu.java.lang.String,,String,String,ObjectClass,C45253,An expression consisting of a linear sequence of symbols (characters or words or phrases).,NCI,,1
Logical View.Data Model.Logical Model.edu.java.lang.util.Date,Logical View.Data Model.Logical Model.edu.java.lang.util.Date,,Date,Date,ObjectClass,C48871,A string unique to a time duration of 24 hours between 2 successive midnights defined by the local time zone. The specific representation of a date will depend on which calendar convention is in force as well as local ordering conventions.,NCI,,1
