<ns1:ServiceMetadata xmlns:ns1="gme://caGrid.caBIG/1.0/gov.nih.nci.cagrid.metadata">
 <ns1:serviceDescription>
  <ns2:Service description="The StudyService grid service, created with caGrid Introduce, version:1.0." name="StudyService" version="1.0" xmlns:ns2="gme://caGrid.caBIG/1.0/gov.nih.nci.cagrid.metadata.service">
   <ns2:pointOfContactCollection/>
   <ns2:serviceContextCollection>
    <ns2:ServiceContext description="" name="StudyService">
     <ns2:operationCollection>
      <ns2:Operation description="" name="getServiceSecurityMetadata">
       <ns2:inputParameterCollection/>
       <ns2:Output qName="ns3:ServiceSecurityMetadata" dimensionality="1" isArray="false" xmlns:ns3="gme://caGrid.caBIG/1.0/gov.nih.nci.cagrid.metadata.security"/>
       <ns2:faultCollection/>
      </ns2:Operation>
      <ns2:Operation description="" name="retrieveStudyByAssignedIdentifier">
       <ns2:inputParameterCollection>
        <ns2:InputParameter qName="xsd:string" dimensionality="1" index="0" isArray="false" isRequired="false" name="assignedIdentifier" xmlns:xsd="http://www.w3.org/2001/XMLSchema"/>
       </ns2:inputParameterCollection>
       <ns2:Output qName="ns4:study" dimensionality="1" isArray="false" xmlns:ns4="http://bioinformatics.northwestern.edu/ns/psc"/>
       <ns2:faultCollection>
        <ns2:Fault description="" name="StudyDoesNotExistsException"/>
       </ns2:faultCollection>
      </ns2:Operation>
      <ns2:Operation description="" name="createStudy">
       <ns2:inputParameterCollection>
        <ns2:InputParameter qName="ns5:study" dimensionality="1" index="0" isArray="false" isRequired="false" name="study" xmlns:ns5="http://bioinformatics.northwestern.edu/ns/psc"/>
       </ns2:inputParameterCollection>
       <ns2:Output qName="ns6:study" dimensionality="1" isArray="false" xmlns:ns6="http://bioinformatics.northwestern.edu/ns/psc"/>
       <ns2:faultCollection>
        <ns2:Fault description="" name="StudyCreationException"/>
       </ns2:faultCollection>
      </ns2:Operation>
     </ns2:operationCollection>
     <ns2:contextPropertyCollection>
      <ns2:ContextProperty description="" name="{gme://caGrid.caBIG/1.0/gov.nih.nci.cagrid.metadata}ServiceMetadata"/>
     </ns2:contextPropertyCollection>
    </ns2:ServiceContext>
   </ns2:serviceContextCollection>
   <ns7:SemanticMetadata conceptCode="C63541" conceptDefinition="A service available on a system that coordinates resources that are not subject to central control, using open, general purpose protocols and interfaces to deliver nontrivial qualities of services." conceptName="Grid Service" order="0" xmlns:ns7="gme://caGrid.caBIG/1.0/gov.nih.nci.cagrid.metadata.common"/>
   <ns8:SemanticMetadata conceptCode="C63543" conceptDefinition="A published API which receives data in the form of objects, performs computations based upon the input data, and returns information to a client via caGrid in the form of one or more objects." conceptName="Analytical Grid Service" order="1" xmlns:ns8="gme://caGrid.caBIG/1.0/gov.nih.nci.cagrid.metadata.common"/>
  </ns2:Service>
 </ns1:serviceDescription>
 <ns1:hostingResearchCenter/>
</ns1:ServiceMetadata>
